model,method,request_rate,request_throughput
llama3_8b,bf16,104.0,61.05160516401041
llama3_8b,bf16,112.0,61.06330840339779
llama3_8b,bf16,120.0,61.09004985329508
llama3_8b,bf16,128.0,61.26454745317433
llama3_8b,bf16,136.0,61.214911679375604
llama3_8b,bf16,144.0,61.40037850819402
llama3_8b,bf16,152.0,61.52049961481076
llama3_8b,bf16,160.0,61.388014321904336
llama3_8b,bf16,80.0,59.47064123571286
llama3_8b,bf16,88.0,60.30743946819218
llama3_8b,bf16,96.0,60.666477987306905
llama3_8b,fp8,104.0,73.86924787458676
llama3_8b,fp8,112.0,74.13644627307352
llama3_8b,fp8,120.0,74.75567527410736
llama3_8b,fp8,128.0,74.85182786775114
llama3_8b,fp8,136.0,74.76729780831592
llama3_8b,fp8,144.0,75.03521646556624
llama3_8b,fp8,152.0,75.21269051344537
llama3_8b,fp8,160.0,75.2255790640921
llama3_8b,fp8,80.0,67.25804236117168
llama3_8b,fp8,88.0,71.16677599771393
llama3_8b,fp8,96.0,72.83903892883255
llama3_8b,w4a8,104.0,76.09393972972946
llama3_8b,w4a8,112.0,76.51202811565398
llama3_8b,w4a8,120.0,76.73028125832643
llama3_8b,w4a8,128.0,77.40638127211683
llama3_8b,w4a8,136.0,77.44415899913885
llama3_8b,w4a8,144.0,76.61565770314868
llama3_8b,w4a8,152.0,77.27728768678082
llama3_8b,w4a8,160.0,77.4960024533236
llama3_8b,w4a8,80.0,66.87284070826959
llama3_8b,w4a8,88.0,71.4656038187144
llama3_8b,w4a8,96.0,74.58327637074807
llama3_8b,nvfp4a16,104.0,38.89577788949958
llama3_8b,nvfp4a16,112.0,38.9145278121394
llama3_8b,nvfp4a16,120.0,38.94442035675341
llama3_8b,nvfp4a16,128.0,39.015893967804196
llama3_8b,nvfp4a16,136.0,39.08147307350421
llama3_8b,nvfp4a16,144.0,39.12312781580779
llama3_8b,nvfp4a16,152.0,39.11108645334635
llama3_8b,nvfp4a16,160.0,39.05678415808187
llama3_8b,nvfp4a16,80.0,38.64102074852618
llama3_8b,nvfp4a16,88.0,38.855325996525686
llama3_8b,nvfp4a16,96.0,38.87533396135805
llama3_8b,tensorbridge,104.0,71.79005483344635
llama3_8b,tensorbridge,112.0,72.0787394661002
llama3_8b,tensorbridge,120.0,72.05050403132786
llama3_8b,tensorbridge,128.0,72.84750852532116
llama3_8b,tensorbridge,136.0,72.69984695903027
llama3_8b,tensorbridge,144.0,72.64303952025246
llama3_8b,tensorbridge,152.0,72.76892717537241
llama3_8b,tensorbridge,160.0,73.10747406896647
llama3_8b,tensorbridge,80.0,67.53714411398094
llama3_8b,tensorbridge,88.0,70.12001637686377
llama3_8b,tensorbridge,96.0,71.193878878822
qwen3_8b,bf16,48.0,42.97916621518628
qwen3_8b,bf16,56.0,48.44218351008087
qwen3_8b,bf16,64.0,52.92636601646116
qwen3_8b,bf16,68.0,54.5826077290241
qwen3_8b,bf16,72.0,55.64002615289721
qwen3_8b,bf16,76.0,56.18715095812106
qwen3_8b,bf16,80.0,56.352002229524444
qwen3_8b,bf16,84.0,56.72019127991171
qwen3_8b,bf16,88.0,56.75725164601241
qwen3_8b,bf16,92.0,57.52959741478326
qwen3_8b,bf16,96.0,57.25562905501055
qwen3_8b,fp8,48.0,44.65839602996845
qwen3_8b,fp8,56.0,50.664899923631666
qwen3_8b,fp8,64.0,56.109685653211486
qwen3_8b,fp8,68.0,58.6330572532947
qwen3_8b,fp8,72.0,60.790759154468624
qwen3_8b,fp8,76.0,63.127949884314596
qwen3_8b,fp8,80.0,64.97049935011648
qwen3_8b,fp8,84.0,66.58587261707467
qwen3_8b,fp8,88.0,64.81733303762556
qwen3_8b,fp8,92.0,66.98061126604068
qwen3_8b,fp8,96.0,68.52010378837691
qwen3_8b,w4a8,48.0,44.21430025402396
qwen3_8b,w4a8,56.0,50.21455405275872
qwen3_8b,w4a8,64.0,55.9373659940085
qwen3_8b,w4a8,68.0,58.23090396301384
qwen3_8b,w4a8,72.0,60.8198791432418
qwen3_8b,w4a8,76.0,63.11455066127835
qwen3_8b,w4a8,80.0,65.38078800718556
qwen3_8b,w4a8,84.0,67.13298633697858
qwen3_8b,w4a8,88.0,68.72508977812198
qwen3_8b,w4a8,92.0,69.92179575503678
qwen3_8b,w4a8,96.0,69.97575331443295
qwen3_8b,nvfp4a16,48.0,35.961847975353095
qwen3_8b,nvfp4a16,56.0,36.24472049956444
qwen3_8b,nvfp4a16,64.0,36.67209156458654
qwen3_8b,nvfp4a16,68.0,36.56019530728133
qwen3_8b,nvfp4a16,72.0,36.43294285430957
qwen3_8b,nvfp4a16,76.0,36.527099361311095
qwen3_8b,nvfp4a16,80.0,36.48980283507626
qwen3_8b,nvfp4a16,84.0,36.43962988531828
qwen3_8b,nvfp4a16,88.0,36.51362853743462
qwen3_8b,nvfp4a16,92.0,36.54571654368374
qwen3_8b,nvfp4a16,96.0,36.43663671858557
qwen3_8b,tensorbridge,48.0,44.77825935718297
qwen3_8b,tensorbridge,56.0,50.884412615141265
qwen3_8b,tensorbridge,64.0,56.54792892958085
qwen3_8b,tensorbridge,68.0,59.09840642203945
qwen3_8b,tensorbridge,72.0,61.325299415116135
qwen3_8b,tensorbridge,76.0,63.13220678557976
qwen3_8b,tensorbridge,80.0,62.72518956844554
qwen3_8b,tensorbridge,84.0,65.28677361426294
qwen3_8b,tensorbridge,88.0,65.80366985014457
qwen3_8b,tensorbridge,92.0,66.03380614955883
qwen3_8b,tensorbridge,96.0,66.6782603506375
qwen3_14b,bf16,32.0,28.205928506901007
qwen3_14b,bf16,36.0,30.78931444959466
qwen3_14b,bf16,40.0,32.894838077387206
qwen3_14b,bf16,42.0,33.47205758798595
qwen3_14b,bf16,44.0,33.41596806375729
qwen3_14b,bf16,46.0,34.02647992475002
qwen3_14b,bf16,48.0,34.17355772163279
qwen3_14b,bf16,50.0,34.25750621915423
qwen3_14b,bf16,52.0,34.61360500873593
qwen3_14b,bf16,56.0,34.5758581309492
qwen3_14b,bf16,60.0,34.862380325984155
qwen3_14b,fp8,32.0,29.77920594208307
qwen3_14b,fp8,36.0,32.780740062445865
qwen3_14b,fp8,40.0,35.761946055070226
qwen3_14b,fp8,42.0,36.80020955717271
qwen3_14b,fp8,44.0,38.10556673868074
qwen3_14b,fp8,46.0,39.14924284632416
qwen3_14b,fp8,48.0,40.256008597228586
qwen3_14b,fp8,50.0,41.29984092846436
qwen3_14b,fp8,52.0,41.95697949460324
qwen3_14b,fp8,56.0,42.878492536679644
qwen3_14b,fp8,60.0,43.206272897742444
qwen3_14b,w4a8,32.0,29.522559860015452
qwen3_14b,w4a8,36.0,32.508103029635514
qwen3_14b,w4a8,40.0,35.49568327596193
qwen3_14b,w4a8,42.0,36.861860426010715
qwen3_14b,w4a8,44.0,37.93297737350188
qwen3_14b,w4a8,46.0,39.278507999104725
qwen3_14b,w4a8,48.0,40.44163392549858
qwen3_14b,w4a8,50.0,41.5919481331766
qwen3_14b,w4a8,52.0,42.78576689731411
qwen3_14b,w4a8,56.0,44.54736922609031
qwen3_14b,w4a8,60.0,45.81004244420763
qwen3_14b,nvfp4a16,32.0,21.458667508946316
qwen3_14b,nvfp4a16,36.0,21.468132928635885
qwen3_14b,nvfp4a16,40.0,21.609957851015917
qwen3_14b,nvfp4a16,42.0,21.69891482568878
qwen3_14b,nvfp4a16,44.0,21.758584602021305
qwen3_14b,nvfp4a16,46.0,21.70928480564985
qwen3_14b,nvfp4a16,48.0,21.703936260551714
qwen3_14b,nvfp4a16,50.0,21.80179691791258
qwen3_14b,nvfp4a16,52.0,21.62100593401173
qwen3_14b,nvfp4a16,56.0,21.74316053029868
qwen3_14b,nvfp4a16,60.0,21.812729699264448
qwen3_14b,tensorbridge,32.0,30.07980944776487
qwen3_14b,tensorbridge,36.0,33.28359984179475
qwen3_14b,tensorbridge,40.0,36.13164761381994
qwen3_14b,tensorbridge,42.0,37.56202220956345
qwen3_14b,tensorbridge,44.0,38.84354476667645
qwen3_14b,tensorbridge,46.0,40.21299156652195
qwen3_14b,tensorbridge,48.0,41.33425764928559
qwen3_14b,tensorbridge,50.0,42.22038313567177
qwen3_14b,tensorbridge,52.0,43.06624189223942
qwen3_14b,tensorbridge,56.0,43.95826356904397
qwen3_14b,tensorbridge,60.0,44.60328534670514
llama33_70b,bf16,10.0,9.183632137747994
llama33_70b,bf16,12.0,10.76235425337009
llama33_70b,bf16,14.0,11.75305170886165
llama33_70b,bf16,16.0,11.886643823856918
llama33_70b,bf16,18.0,11.881952810218282
llama33_70b,bf16,20.0,11.831706617338664
llama33_70b,bf16,22.0,11.863049625265015
llama33_70b,bf16,24.0,11.913688597900714
llama33_70b,bf16,26.0,11.945297919699176
llama33_70b,fp8,10.0,9.550686010658294
llama33_70b,fp8,12.0,11.27655781393659
llama33_70b,fp8,14.0,12.978904045146153
llama33_70b,fp8,16.0,14.52700257532744
llama33_70b,fp8,18.0,16.058013343241544
llama33_70b,fp8,20.0,17.224626784652767
llama33_70b,fp8,22.0,18.17883927120826
llama33_70b,fp8,24.0,18.540112245724586
llama33_70b,fp8,26.0,18.76115762599369
llama33_70b,w4a8,10.0,9.59029182292778
llama33_70b,w4a8,12.0,11.331743797176903
llama33_70b,w4a8,14.0,13.064958499307924
llama33_70b,w4a8,16.0,14.674564186821668
llama33_70b,w4a8,18.0,16.242727631615747
llama33_70b,w4a8,20.0,17.72906437355801
llama33_70b,w4a8,22.0,18.986944953151312
llama33_70b,w4a8,24.0,20.14232872630696
llama33_70b,w4a8,26.0,20.835986527521566
llama33_70b,nvfp4a16,10.0,8.711044285867668
llama33_70b,nvfp4a16,12.0,8.81929747850286
llama33_70b,nvfp4a16,14.0,8.814337634690366
llama33_70b,nvfp4a16,16.0,8.858474302249103
llama33_70b,nvfp4a16,18.0,8.880138761327789
llama33_70b,nvfp4a16,20.0,8.876139854479726
llama33_70b,nvfp4a16,22.0,8.915876677676456
llama33_70b,nvfp4a16,24.0,8.888714461650245
llama33_70b,nvfp4a16,26.0,8.88679012649535
llama33_70b,tensorbridge,10.0,9.652634225784984
llama33_70b,tensorbridge,12.0,11.423587698026164
llama33_70b,tensorbridge,14.0,13.142229779239832
llama33_70b,tensorbridge,16.0,14.784815550762684
llama33_70b,tensorbridge,18.0,16.279350945833546
llama33_70b,tensorbridge,20.0,17.657119631423768
llama33_70b,tensorbridge,22.0,18.75635061823109
llama33_70b,tensorbridge,24.0,19.33366126461176
llama33_70b,tensorbridge,26.0,19.47554345007804
llama3_8b,bf16,16.0,15.764431482960937
llama3_8b,bf16,24.0,23.104988646177183
llama3_8b,bf16,28.0,26.657697018839148
llama3_8b,bf16,8.0,7.979896388780914
llama3_8b,fp8,16.0,15.91343627587674
llama3_8b,fp8,24.0,23.558255088713523
llama3_8b,fp8,28.0,27.269138099435022
llama3_8b,fp8,8.0,7.990847998852421
llama3_8b,w4a8,16.0,15.894787996708816
llama3_8b,w4a8,24.0,23.407058080783923
llama3_8b,w4a8,28.0,27.068421190386896
llama3_8b,w4a8,8.0,7.9887274583799925
llama3_8b,nvfp4a16,16.0,15.901696144331806
llama3_8b,nvfp4a16,24.0,23.329149424990053
llama3_8b,nvfp4a16,28.0,26.758132770047176
llama3_8b,nvfp4a16,8.0,7.991215688699284
llama3_8b,tensorbridge,16.0,15.922665434805989
llama3_8b,tensorbridge,24.0,23.60439014709927
llama3_8b,tensorbridge,28.0,27.32423096964046
llama3_8b,tensorbridge,8.0,7.9914896984623365
qwen3_8b,bf16,16.0,15.74357268117855
qwen3_8b,bf16,24.0,23.347071277114946
qwen3_8b,bf16,28.0,26.878492104014295
qwen3_8b,bf16,8.0,7.951524973286343
qwen3_8b,fp8,16.0,15.835496853726347
qwen3_8b,fp8,24.0,23.573671238941714
qwen3_8b,fp8,28.0,27.391753504405745
qwen3_8b,fp8,8.0,7.972506633711558
qwen3_8b,w4a8,16.0,15.811222116535513
qwen3_8b,w4a8,24.0,23.514404222263884
qwen3_8b,w4a8,28.0,27.293985524011084
qwen3_8b,w4a8,8.0,7.966681245623834
qwen3_8b,nvfp4a16,16.0,15.83531015168819
qwen3_8b,nvfp4a16,24.0,23.205052513825372
qwen3_8b,nvfp4a16,28.0,26.693118921654488
qwen3_8b,nvfp4a16,8.0,7.974000727864225
qwen3_8b,tensorbridge,16.0,15.851083999944708
qwen3_8b,tensorbridge,24.0,23.601720282506967
qwen3_8b,tensorbridge,28.0,27.429779981178037
qwen3_8b,tensorbridge,8.0,7.975202772763457
qwen3_14b,bf16,16.0,15.489255539176064
qwen3_14b,bf16,24.0,22.24600875789574
qwen3_14b,bf16,28.0,25.09568978856038
qwen3_14b,bf16,8.0,7.905310801169628
qwen3_14b,fp8,16.0,15.72046264987958
qwen3_14b,fp8,24.0,23.05746399650943
qwen3_14b,fp8,28.0,26.24253384990251
qwen3_14b,fp8,8.0,7.947259810369721
qwen3_14b,w4a8,16.0,15.691880672425885
qwen3_14b,w4a8,24.0,22.947442465012216
qwen3_14b,w4a8,28.0,26.35871460502903
qwen3_14b,w4a8,8.0,7.93882418629728
qwen3_14b,nvfp4a16,16.0,15.473006479070024
qwen3_14b,nvfp4a16,24.0,21.287465744298444
qwen3_14b,nvfp4a16,28.0,21.710002932238464
qwen3_14b,nvfp4a16,8.0,7.951666502512766
qwen3_14b,tensorbridge,16.0,15.76337924449415
qwen3_14b,tensorbridge,24.0,23.28506970745231
qwen3_14b,tensorbridge,28.0,26.79084733054213
qwen3_14b,tensorbridge,8.0,7.955031750521536
llama33_70b,bf16,4.0,3.9352452633365598
llama33_70b,bf16,6.0,5.767150245046362
llama33_70b,bf16,8.0,7.523898011216096
llama33_70b,fp8,4.0,3.9819977090923997
llama33_70b,fp8,6.0,5.91358804937087
llama33_70b,fp8,8.0,7.773727879240342
llama33_70b,w4a8,4.0,3.9845108778185105
llama33_70b,w4a8,6.0,5.930197208823265
llama33_70b,w4a8,8.0,7.792273558849248
llama33_70b,nvfp4a16,4.0,3.984032185063668
llama33_70b,nvfp4a16,6.0,5.884018334323487
llama33_70b,nvfp4a16,8.0,7.60014443409724
llama33_70b,tensorbridge,4.0,3.988089932454609
llama33_70b,tensorbridge,6.0,5.952899024273585
llama33_70b,tensorbridge,8.0,7.8364704290014275
