model,module,M,N,K
Qwen3-8B,qkv_fused,16,6144,4096
Qwen3-8B,qkv_fused,128,6144,4096
Qwen3-8B,qkv_fused,512,6144,4096
Qwen3-8B,qkv_fused,4096,6144,4096
Qwen3-8B,mlp_gate_up_fused,16,24576,4096
Qwen3-8B,mlp_gate_up_fused,128,24576,4096
Qwen3-8B,mlp_gate_up_fused,512,24576,4096
Qwen3-8B,mlp_gate_up_fused,4096,24576,4096
Qwen3-8B,mlp_down,16,4096,12288
Qwen3-8B,mlp_down,128,4096,12288
Qwen3-8B,mlp_down,512,4096,12288
Qwen3-8B,mlp_down,4096,4096,12288
Llama3-70B,qkv_fused,16,10240,8192
Llama3-70B,qkv_fused,128,10240,8192
Llama3-70B,qkv_fused,512,10240,8192
Llama3-70B,qkv_fused,4096,10240,8192
Llama3-70B,mlp_gate_up_fused,16,57344,8192
Llama3-70B,mlp_gate_up_fused,128,57344,8192
Llama3-70B,mlp_gate_up_fused,512,57344,8192
Llama3-70B,mlp_gate_up_fused,4096,57344,8192
Llama3-70B,mlp_down,16,8192,28672
Llama3-70B,mlp_down,128,8192,28672
Llama3-70B,mlp_down,512,8192,28672
Llama3-70B,mlp_down,4096,8192,28672
DeepSeek-V3,dense_mlp_gate_up_fused,16,36864,7168
DeepSeek-V3,dense_mlp_gate_up_fused,128,36864,7168
DeepSeek-V3,dense_mlp_gate_up_fused,512,36864,7168
DeepSeek-V3,dense_mlp_gate_up_fused,4096,36864,7168
DeepSeek-V3,dense_mlp_down,16,7168,18432
DeepSeek-V3,dense_mlp_down,128,7168,18432
DeepSeek-V3,dense_mlp_down,512,7168,18432
DeepSeek-V3,dense_mlp_down,4096,7168,18432
DeepSeek-V3,moe_mlp_gate_up_fused,16,4096,7168
DeepSeek-V3,moe_mlp_gate_up_fused,128,4096,7168
DeepSeek-V3,moe_mlp_gate_up_fused,512,4096,7168
DeepSeek-V3,moe_mlp_gate_up_fused,4096,4096,7168
DeepSeek-V3,moe_mlp_down,16,7168,2048
DeepSeek-V3,moe_mlp_down,128,7168,2048
DeepSeek-V3,moe_mlp_down,512,7168,2048
DeepSeek-V3,moe_mlp_down,4096,7168,2048
